network,credit_card_number,cvv,expiry_date,card_holder_name,validation,
American Express,376656048398205,366,11/2024,Jackson Hernandez,https://dnschecker.org/credit-card-validator.php?ccn=376656048398205,
American Express,376656329132927,364,6/2025,Jackson Lopez,https://dnschecker.org/credit-card-validator.php?ccn=376656329132927,
American Express,376656124344891,472,1/2023,Chloe Clark,https://dnschecker.org/credit-card-validator.php?ccn=376656124344891,
American Express,376656324468532,538,9/2021,James Evans,https://dnschecker.org/credit-card-validator.php?ccn=376656324468532,
American Express,376655628926971,708,8/2024,Addison Thompson,https://dnschecker.org/credit-card-validator.php?ccn=376655628926971,
American Express,376656329834167,552,10/2024,Olivia Taylor,https://dnschecker.org/credit-card-validator.php?ccn=376656329834167,
American Express,376656236823295,274,3/2021,Anna Brown,https://dnschecker.org/credit-card-validator.php?ccn=376656236823295,
American Express,376656583057216,874,8/2022,Landon Thompson,https://dnschecker.org/credit-card-validator.php?ccn=376656583057216,
American Express,376656351207506,692,8/2024,David Nelson,https://dnschecker.org/credit-card-validator.php?ccn=376656351207506,
American Express,376655803393021,728,7/2025,Brooklyn Garcia,https://dnschecker.org/credit-card-validator.php?ccn=376655803393021,
American Express,376655162964941,636,3/2025,Etha Baker,https://dnschecker.org/credit-card-validator.php?ccn=376655162964941,
American Express,374311892992578,512,6/2024,Ava Wright,https://dnschecker.org/credit-card-validator.php?ccn=374311892992578,
American Express,374311060218129,785,4/2023,Katherine Green,https://dnschecker.org/credit-card-validator.php?ccn=374311060218129,
American Express,376655828120417,443,3/2022,Gabriel White,https://dnschecker.org/credit-card-validator.php?ccn=376655828120417,
American Express,374311037065918,874,10/2025,Katherine Carter,https://dnschecker.org/credit-card-validator.php?ccn=374311037065918,
American Express,374311235562799,113,7/2024,Chloe Campbell,https://dnschecker.org/credit-card-validator.php?ccn=374311235562799,
American Express,376655243276778,944,2/2023,Landon Mitchell,https://dnschecker.org/credit-card-validator.php?ccn=376655243276778,
American Express,374311355660688,335,11/2024,Jes Carter,https://dnschecker.org/credit-card-validator.php?ccn=374311355660688,
American Express,374311626461361,877,10/2024,Anna Carter,https://dnschecker.org/credit-card-validator.php?ccn=374311626461361,
American Express,376655191659207,500,5/2023,Etha Adams,https://dnschecker.org/credit-card-validator.php?ccn=376655191659207,
American Express,374311334654307,561,1/2021,Andrew Williams,https://dnschecker.org/credit-card-validator.php?ccn=374311334654307,
American Express,374311767163511,198,3/2022,Mia Clark,https://dnschecker.org/credit-card-validator.php?ccn=374311767163511,
American Express,376655974899186,392,5/2025,Noah Williams,https://dnschecker.org/credit-card-validator.php?ccn=376655974899186,
American Express,376655879028543,364,1/2025,Ava Clark,https://dnschecker.org/credit-card-validator.php?ccn=376655879028543,
American Express,376656878173827,502,10/2021,Noah Campbell,https://dnschecker.org/credit-card-validator.php?ccn=376656878173827,
American Express,376655623576797,112,9/2021,Julia Carter,https://dnschecker.org/credit-card-validator.php?ccn=376655623576797,
American Express,376655988703820,494,9/2024,Andrew Scott,https://dnschecker.org/credit-card-validator.php?ccn=376655988703820,
American Express,374311765882203,865,7/2025,Jos Parker,https://dnschecker.org/credit-card-validator.php?ccn=374311765882203,
American Express,376655300540777,809,9/2025,Hannah Hernandez,https://dnschecker.org/credit-card-validator.php?ccn=376655300540777,
American Express,376656534417014,968,4/2024,Gabriel Adams,https://dnschecker.org/credit-card-validator.php?ccn=376656534417014,
